Institute,City,Country
Warsaw School of Social Psychology,Poznan,Poland
Sheffield Hallam University,Sheffield,UK
University College London,London,UK
CUHK,HK,China
Panafold,Mountain View,US
The Pennsylvania State University,University Park,US
Department of Information Science,Dunedin,New Zealand
Technical University of Lisbon,Lisbon,Portugal
Hasso Plattner Institute,Potsdam,Germany
IRISA/INSA de Rennes,Rennes,France
Sungkyunkwan University,Seoul,Republic of Korea
New York Hall of Science,Corona,US
Naval Research Laboratory,Washington,US
University of Central Florida,Orlando,US
Qualcomm R&D,Cambridge,UK
MIT Media Lab,Cambridge,US
University of Iceland,Reykjavik,Iceland
Hokkaido University,Sapporo,Japan
University of Applied Sciences Upper Austria,Wels,Austria
University of Victoria,victoria,Canada
Intel Labs,Hillsboro,US
Virginia Polytechnic Institute and State University,Blacksburg,US
Fudan University,Shanghai,China
University of Munich (LMU),Munich,Germany
Marquette University,Milwaukee,US
"FX Palo Alto Laboatory, Inc.",Palo Alto,US
Crotched Mountain Rehabilitation Center,Greenfield,US
Shenzhen Institutes of Advanced Technology (SIAT),Shenzhen,China
University of Sydney,Sydney,Australia
Data2Text,Aberdeen,UK
"University of Salzburg - ICT&S, Salzburg, Salzburg",Salzburg,Austria
University of Grenoble - LIG/IIHM - Grenoble-INP - CNRS,Grenoble,France
Shinshu University,Ueda,Japan
New York University - Abu Dhabi,Abu Dhabi,United Arab Emirates
Mobile Life@SICS,Kista,Sweden
MIT Media Laboratory,Cambridge,US
University of Primorska,Koper,Slovenia
IBM Research,Yorktown Heights,US
Chinese Academy of Sciences,Beijing,China
Interactive Institute,Gothenburg,Sweden
"Autodesk, Inc.",Lake Oswego,US
Horizon Hub,Nottingham,UK
Institute of Applied Arts,Hsinchu,Taiwan
"Brain science institute, RIKEN",Wako,Japan
Microsoft Research,Cambridge,UK
"Graduate School of Information Science and Technology, Osaka University",Osaka,Japan
Qualcomm Corporate R&D,Cambridge,UK
NASA Johnson Space Center,Houston,US
SMART Technologies,Calgary,Canada
Royal college of Art,London,UK
SOKENDAI,Tokyo,Japan
Oracle,Denver,US
"School of Library and Information Science, Indiana University Bloomington",Bloomington,US
Edinburgh Napier University,Edinburgh,Scotland
University of Illinois - Chicago,Chicago,US
Swedish Institute of Computer Science,Kista,Sweden
Professional Usability Services,London,UK
IBM Japan Ltd.,Osaka,Japan
Singapore National Eyes Center,Singapore,Singapore
University of Wyoming,Laramie,US
University of Calgary,calgary,Canada
University of Colorado Boulder,Boulder,US
Institute of Communications Engineering,Ulm,Germany
University College Cork,Cork,Ireland
Palo Alto Research Center (PARC),Palo Alto,US
Adobe Systems,San Francisco,US
ATR Intelligent Robotics and Communication Laboratories,Soraku-gun,Japan
Department of Computer Science and Information Engineering,Taipei,Taiwan
University of North Carolina at Charlotte,Charlotte,US
University of Nebraska-Lincoln,Lincoln,US
Aalborg University,Aalborg,Denmark
University of Birmingham,Birmingham,UK
University of New Hampshire,Durham,US
IBM,Buenos Aires,Argentina
Singapore Management University,Singapore,Singapore
McGill University,Montreal,Canada
Alcatel-Lucent Bell Labs,Bangalore,India
Research department,Gothenburg,Sweden
Technical University of Catalonia,Castelldefels,Spain
Alexandra Institute,Aarhus,Denmark
University of Turin,Turin,Italy
University of Malta,Msida,Malta
Heriot-Watt University,Edinburgh,UK
National Research Council Canada,Fredericton,Canada
Baylor University,Waco,US
Sharif University of Technology,Tehran,"Iran, Islamic Republic of"
UNC Charlotte,Charlotte,US
The University of North Carolina at Charlotte,Charlotte,US
"Rutgers, the State University of New Jersey",New Brunswick,US
OFFIS - Institute for Information Technology,Oldenburg,Germany
Rotterdam School of Management,Rotterdam,The Netherlands
The DuKode Studio,Brooklyn,US
Alcatel-Lucent Bell Labs,Murray Hill,US
University of Washington,Seattle,US
unaffiliated,Seattle,US
"School of Design, Queensland University of Technology",Brisbane,Australia
universidad nacional,heredia,Costa Rica
C-DAC,Pune,India
University of Split,Split,Croatia
Univercity of Electro-Communications,Chofu,Japan
Rotterdam University of applied sciences,Rotterdam,The Netherlands
University of Helsinki,Helsinki,Finland
"School of Interactive Computing, Atlanta, United States",Atlanta,US
Montana Tech of The University of Montana,Butte,US
KTH,Kista,Sweden
The University of Tokyo,Meguro-ku,Japan
Cyprus University of Technology,Limassol,Cyprus
University of Wisconsin-Madison,Madison,US
University of Tokyo,Tokyo,Japan
Fontys University of Applied Science,Eindhoven,The Netherlands
Budapest University of Technology and Economics,Budapest,Hungary
Technical Research Centre of Finland,Espoo,Finland
University of Minnesota,Minneapolis,US
University of Illinois-Urbana,Urbana,US
Warsaw School of Social Psychology,Warsaw,Poland
SAP,Palo Alto,US
Clarice Technologies,Pune,India
University of Maryland College Park,College Park,US
Twist Open Innovations,Bangalore,India
Beijng Institute of Fashion Technology,Beijing,China
Nokia Research Center,Helsinki,Finland
Horizon Doctoral Training Centre,Nottingham,UK
National Tsing Hua University,Hsin Chu,Taiwan
Pratt Institute,New York,US
Reutlingen University,Reutlingen,Germany
Telecom Italia,Milano,Italy
University of Texas at Austin,Austin,US
Indiana University Bloomongton,Bloomington,US
University of Leicester,University of Leicester,UK
The Australian National University,Canberra,Australia
HP,Palo Alto,US
University of Strathclyde,Glasgow,UK
MSU,East Lansing,US
School of Information - UC Berkeley,Berkeley,US
CNRS,Orsay,France
Heriot Watt University,Edinburgh,UK
Hans Bredow Institute for Media Research,Hamburg,Germany
University of Santa Scruz,Santa Cruz,US
Ohio State University,Columbus,US
University of Koblenz-Landau,Koblenz,Germany
"Ulm University, Institute of Communications Engineering",Ulm,Germany
University of Massachusetts Lowell,Lowell,US
University of Glasgow,Glasgow,UK
Intel,Beijing,China
University of Massachusetts,Amherst,US
"Aaron Marcus and Associates, Inc.",Berkeley,US
"Empirical, Inc.",Portland,US
Humboldt Institute for Internet and Society,Berlin,Germany
University of Illinois at Chicago,Chicago,US
"University of Colorado, Boulder",Boulder,US
University of Oslo,Oslo,Norway
University College Falmouth,Falmouth,UK
Tohoku University,Sendai,Japan
"University of Bremen, TZI",Bremen,Germany
National University of SIngapore,Singapore,Singapore
Rakuten Inc.,Tokyo,Japan
Univ. Paul Sabatier,Toulouse,France
Dalhousie University,Halifax,Canada
FTW Telecommunications Research Center,Vienna,Austria
Osaka Prefecture University,Osaka,Japan
"Institute of Software, Chinese Academy of Sciences, Beijing, Beijing",Beijing,China
Research Studios Austria,Vienna,Austria
"t2i Lab, Chalmers",Gothenburg,Sweden
Technical University of Valencia,Valencia,Spain
Universidad Publica de Navarra,Pamplona,Spain
KTH The Royal Institute of Technology,Stockholm,Sweden
University of Fribourg,Fribourg,Switzerland
"Industrial Design Engineering, Delft University of Technology",Delft,The Netherlands
Hasselt University,Diepenbeek,Belgium
NCSU,Raleigh,US
Loughborough University,Loughborough,UK
King Abdulaziz University,Jeddah,Saudi Arabia
University of Warsaw,Warszawa,Poland
Renault,Guyancourt,France
PUC-Rio,Rio de Janeiro,Brazil
Huazhong Univ. of Science & Technology,Wuhan,China
"University at Albany, State University of New York",Albany,US
Arizona State University,Mesa,US
School of Software and Microelectronics,Xi'an,China
University of Leicester,Leicester,UK
"University of California, Los Angeles",Los Angeles,US
Telecom ParisTech,PARIS,France
"e-Media Lab, Groep T - Leuven Engineering College, Leuven",Leuven,Belgium
Glasgow Caledonian University,Glasgow,UK
University of California at Santa Cruzni,Santa Cruz,US
U. Nebraska - Lincoln,Lincoln,US
University,Konstanz,Germany
Carnegie Mellon University,Pittsburgh,US
Oracle,Burlington,US
University of Saskatchewan,Saskatoon,Canada
"Heinz School, Carnegie Mellon University",Pittsburgh,US
IBM Research,San Jose,US
unam,mexico city,Mexico
Institute for Pervasive Computing,Linz,Austria
Microsoft Corporation,Beijing,China
Norwegian University of Science and Technology,Trondheim,Norway
Active Ingredient,Nottingham,UK
Syntagm Ltd,Abingdon,UK
"University of Nevada, Reno",Reno,US
University of Florida,Gainesville,US
Newcastle University,Newcastle Upon Tyne,UK
KU Leuven - University of Leuven,Leuven,Belgium
Shenzhen Institutes of Advanced Technology (SIAT),Shenzhen,China
Wearable Computing Lab.,Zurich,Switzerland
Indep. Consultant,London,UK
Spigit Inc.,Pleasanton,US
KTH - The Royal Institute of Technology,Stockholm,Sweden
"Coursera, Inc.",Mountain View,US
University of Zaragoza (Spain),Zaragoza,Spain
University of Madeira,Funchal,Portugal
"School of Electronic Engineering and Computer Science, Queen Mary University of London",London,UK
Makerere University,kampala,Uganda
Texas Tech Univeristy,lubbock,US
SAP Research Darmstadt,Darmstadt,Germany
Univeristy of Oslo,Oslo,Norway
Tulane University,New Orleans,US
"Institute for Information Systems, University of Siegen, Siegen, NRW",Siegen,Germany
University of Castilla-La Mancha,Albacete,Spain
SAP Research,Karlsruhe,Germany
St. John's School,Houston,US
"Institute of Software, Chinese Academy of Sciences",Beijing,China
Yahoo!,Santa Clara,US
"Tsinghua Unviersity, Beijing",Beijing,China
IBM Silicon Valley Lab,San Jose,US
IBM CIO's Office,Cambridge,US
IBM Almaden Research Center,San Jose,US
Google Switzerland,Zurich,Switzerland
Thales Research & Technology France,Paris,France
oDesk,Redwood City,US
University of North Carolina,Chapel Hill,US
"Mixed Reality Lab, University of Nottingham",Nottingham,UK
HTW Berlin,Berlin,Germany
National Institute of Design,Bangalore,India
Hear for Yourself,Seattle,US
Ulm University,Ulm,Germany
Keio University Graduate School of Media Design,Tokyo,Japan
University of Washingtion,Seattle,US
Stanford University,stanford,US
University of Wisconsin - Madison,Madison,US
Google,San Francisco,US
Indian Institute of Technology,Bombay,India
Cornell University,Woodside,US
University of Southampton,Southampton,UK
Joetsu University of Education,Joetsu,Japan
Yonsei University,Seoul,Korea
AT&T Labs Research,Florham Park,US
"VTT Technical Research Centre of Finland, Tampere",Tampere,Finland
Wellesley College,Wellesley,US
Swansea University,Swansea,UK
Utah State University,Logan,US
Institute of Psychology and Education,Ulm,Germany
Fraunhofer Institute for Applied Information Technology (FIT),Sankt Augustin,Germany
"e-Media Lab, Groep T - Leuven Engineering College",Leuven,Belgium
Roskilde University,Roskilde,Denmark
INRIA Lille,Lille,France
"Google, Switzerland",Zurich,Switzerland
VISUS,Stuttgart,Germany
Frostburg State University,Frostburg,US
University of Salzburg - ICT&S,Salzburg,Austria
Kyoto University,Kyoto,Japan
KTH,Stockholm,Sweden
School of Interactive Arts and Technology,Surrey,Canada
University of Melbourne,Melbourne,Australia
"Adobe Systems, Inc.",San Jose,US
The University of Hong Kong,Hong Kong,Hong Kong
University of Victoria,Victoria,Canada
RWTH-Aachen University,Aachen,Germany
"Autodesk, Inc.",Waltham,US
Idaho National Laboratory,Idaho Falls,US
Bowling Green State University,Bowling Green,US
Folkwang University of the Arts,Essen,Germany
Intel Labs,Portland,US
OFFIS Institute for Information Technology,Oldenburg,Germany
ITP,New York,US
University of Maryland,College Park,US
NTU,Nottingham,UK
Xerox Research Center Europe,Meylan,France
Universiteit Hasselt,Hasselt,Belgium
The University of Electro-Communications,Tokyo,Japan
University of Lleida,Lleida,Spain
University of Manitoba,Winnipeg,Canada
Dresden University of Technology,Dresden,Germany
IBM Software Group,Durham,US
Australian Museum,Sydney,Australia
Open Science Initiative,Los Angeles,US
University of Granada,Granada,Spain
UGent,Ghent,Belgium
FUSE Labs,Redmond,US
Carnegie Mellon University - Silicon Valley,Moffett Field,US
"Advanced Man-Machine Interface Lab, University of Alberta",Edmonton,Canada
New University of Lisbon,Almada,Portugal
University of Augsburg,Augsburg,Germany
Universidade do Porto,Porto,Portugal
"University of Technology, Sydney",Sydney,Australia
Tokyo Institute of Technology,Yokohama,Japan
Universiteit Hasselt,Diepenbeek,Belgium
Institute of Creative Industries design,Tainan,Taiwan
School of Science Aalto University,Espoo,Finland
Google UK,London,UK
Institute of Education,London,UK
university of waterloo,waterloo,Canada
IBM,Littleton,US
Lodz University of Technology,Lodz,Poland
The University of Tokyo/JST ERATO,Tokyo,Japan
Mathakazini Village,Mankosi,South Africa
University of Groningen,Groningen,The Netherlands
National Taiwan University of Science and Technology,Taipei,Taiwan
Sheffield Hallam University,Sheffiled,UK
University of Basel,Basel,Switzerland
Open University,Milton Keynes,UK
FBK-irst,Trento,Italy
Samsung Electronics,Dallas,US
Barry University,Miami Shores,US
German Research Institute for Artificial Intelligence (DFKI),Saarbrucken,Germany
INRIA,Rennes,France
UCL,London,UK
University of Iowa,Iowa City,US
Information Processing Institute,Warsaw,Poland
school of optoelectronics,beijing,China
"Google, Inc.",Sydney,Australia
Electronic Arts,Burnaby,Canada
"Japan Science Technology Agency, ERATO, IGARASHI Design UI Project",Tokyo,Japan
Xerox Research Centre India,Bangalore,India
EPFL,Lausanne,Switzerland
Singapore University of Design and Technology,Singapore,Singapore
More Associates,London,UK
Adobe,San Francisco,US
Telefonica Research,Barcelona,Spain
UBC,Vancouver,Canada
Waseda University,Shinjuku,Japan
"Human Interaction Project, NTT Service Evolution Laboratories, Yokosuka, Kanagawa",Yokosuka,Japan
SAP Labs India,Bangalore,India
Shinshu University,Nagano,Japan
University of Waikato,Hamilton,New Zealand
"University of California, Irvine, Irvine, USA",Irvine,US
Royal Institute of Technology (KTH),Stockholm,Sweden
Osaka University,Osaka,Japan
University of Illinois at Urbana-Champaign,Urbana,US
"University of Maryland, College Park",College Park,US
National Engineering School of Sfax,sfax,Tunisia
University of the Sunshine Coast,Maroochydore,Australia
University of Maryland,College Park,US
Middle East Technical University,Mersin,Turkey
University of Worcester,Worcester,UK
"Teachers College, Columbia University",New York City,US
University of Waterloo,Waterloo,Canada
IBM T.J. Watson Research Center,Yorktown Heights,US
The Chinese University of Hong Kong,Shatin,Hong Kong
University of Helsinki,Helsinki,Finland
Chinese University of Hong Kong,Hong Kong,China
Electrical Engineering and Computer Science Department,Berkeley,US
University of the Witwatersrand,Joh,South Africa
National Palace Museum,Taipei,Taiwan
IBBT-KU Leuven,Leuven,Belgium
Ionian University,Corfu,Greece
Imperial College London,London,UK
Zhejiang University of Technology,Hangzhou,China
IBM T.J. Watson Research,Cambridge,US
Yahoo! Research,Santa Clara,US
British Broadcasting Corporation,London,UK
Indian Institute of Technology Indore,Indore,India
Augsburg University,Augsburg,Germany
CBS,Frederiksberg,Denmark
MobileIron,Mountain View,US
Arts et Metiers ParisTech,Paris,France
University of Ioannina,Ioannina,Greece
Northumbria University,Newcastle-upon-Tyne,UK
Foundation for Research and Technology - Hellas,Heraklion,Greece
The University of Melbourne,Melbourne,Australia
"Empirical, Inc.",Portland,US
London Knowledge Lab,London,UK
University of Colorado at Boulder,Boulder,US
North South University,Dhaka,Bangladesh
"ETIC, EA 4432. User Experience Lab",Metz,France
University of Notre Dame,Notre Dame,US
University of Oulu,Oulu,Finland
University of Auckland,Auckland,New Zealand
University of London,London,UK
Digital Solutions,New York,US
Copenhagen Institute of Interaction Design,Copenhagen,Denmark
University of Limerick,Limerick,Ireland
Centre de Recherche Public Henri Tudor,Luxembourg,Luxembourg
UMD,College Park,US
National Taiwan University of Science and Technology,Taipei,Taiwan
Ono Academic College,Kiryat Ono,Israel
Indiana University Bloomington,Bloomington,US
"Sony Computer Science Laboratories, Inc.",Shinagawa-ku,Japan
NTT Service Evolution Laboratories,Yokosuka,Japan
Gifu University,Gifu,Japan
"Uplift, Inc.",Washington,US
Unister GmbH,Leipzig,Germany
Zhejiang University,Hangzhou,China
Interaction design centre,Limerick,Ireland
University of Illinois,Urbana,US
Samsung UX Innovations Lab,San Jose,US
Helsinki Institute for Information Technology HIIT,Helsinki,Finland
University of Southern California,Los Angeles,US
Max Planck Institute for Human Development,Berlin,Germany
"Trinity College, The University of Dublin",Dublin,Ireland
University of Lugano,Lugano,Switzerland
University of Illinois at Urbana-Champaign,Champaign,US
Willow Garage,Menlo Park,US
Rutgers University,New Brunswick,US
RadixNova,Pittsford,US
"LIFL & INRIA Lille, University of Lille",Villeneuve d'Ascq,France
Royal Melbourne Institute of Techonology,Melbourne,Australia
The Open University,Milton Keynes,UK
Digital World Research Centre,Guildford,UK
Research Group Digital Media,Bremen,Germany
"IEEE, Bangladesh Section",Dhaka,Bangladesh
LabHuman / I3B / UPV,Valencia,Spain
"UI Wizards, Inc",San Francisco,US
University of Southampton,SOUTHAMPTON,UK
NMSU,Las cruces,US
"SAP Research, SAP AG",Dresden,Germany
"School of Design, Northumbria University",Newcastle upon Tyne,UK
National Tsing Hua University,Hsinchu,Taiwan
University of Pittsburgh,Pittsburgh,US
Czestochowa University of Technology,Czestochowa,Poland
"Facebook, Inc.",Menlo Park,US
Blekinge Institute of Technology,Karlskrona,Sweden
National ICT Australia,Sydney,Australia
Universitat Pompeu Fabra,Barcelona,Spain
Arizona State University,Tempe,US
Suita,Osaka,Japan
VTT Technical Research Centre of Finland,Oulu,Finland
Future University Hakodate,Hakodate,Japan
Lorraine University,Metz,France
University of Pennsylvania,Philadelphia,US
Hanyang University,Seoul,Korea
Rhodes University,Grahamstown,South Africa
"Next Co., Ltd.",Tokyo,Japan
"School of Informatics, Indiana University",Bloomington,US
Copenhagen Business School,Frederiksberg,Denmark
CNRS LTCI UMR 5141,Paris,France
Northeastern Illinois University,Chicago,US
Northeastern University,Shenyang,China
Kunming University of science and technology,Kunming,China
Technology and Social Behavior,Evanston,US
UI Wizards,San Francisco,US
HEC montreal,montreal,Canada
CNES,Toulouse,France
Pomona College,Claremont,US
University of Bath,Bath,UK
University of Waikato,Hamilton,New Zealand
University of Cyprus,Nicosia,Cyprus
Georgia Institute of Technology,Atlanta,US
University of Applied Sciences Upper Austria Campus Hagenberg,Hagenberg,Austria
Stockholm University,Stockholm,Sweden
Oregon State University,Corvallis,US
University of Manchester,Manchester,UK
Yahoo! Research,San Francisco,US
University of Hamburg,Hamburg,Germany
Kent State University,Kent,US
UC Irvine,Irvine,US
Xi'an Jiaotong-Liverpool University,Suzhou,China
"University of Illinois, Urbana-Champaign",Champaign,US
Stockholm University,Kista,Sweden
UCF,Orlando,US
InContext,Concord,US
Interaction Foundry,New York,US
Tufts University,Medford,US
University of Tallinn,Tallinn,Estonia
School of Computing,Kingston,Canada
Sino-European Usability Center,Dalian,China
"Department of Industrial Design, KAIST","Daejeon,",Republic of Korea
Saitama University,Saitama,Japan
AT&T Foundry,Palo Alto,US
University of East Anglia,Norwich,UK
University of Kaiserslautern,Kaiserslautern,Germany
Telekom Innovation Lab,Berlin,Germany
Singapore Management University,Singapore,Singapore
University Toulouse 3 & CNRS,Toulouse,France
UC San Diego,La Jolla,US
University of London,London,UK
"Simon Fraser University, SFU",Vancouver,Canada
Aix Marseille University,Aix Marseille,France
Department of Industrial and Commercial Design,Taipei,Taiwan
Hewlett Packard,Bangalore,India
University  of Saskatchewan,Saskatoon,Canada
Kochi University of Technology,Kami,Japan
Hanyang University,Seoul,Republic of Korea
Intel Collaborative Research Institute for Sustainable Cities,London,UK
UXLabs,London,UK
Computer Science,Augsburg,Germany
Seattle Cancer Care Alliance,Seattle,US
Simon Fraser University,SURREY,Canada
The University of Tokyo,Bunkyo,Japan
Motorola Mobility Inc.,Libertyville,US
Sony CSL,Paris,France
"Design Lab, University of Sydney",Sydney,Australia
Digital Solutions,Billund,Denmark
ENIG,gabes,Tunisia
University of Southampton,Southampton,UK
University of Toronto,Toronto,Canada
CURE-Center for Usability Research & Engineering,Vienna,Austria
University of Twente,Enschede,The Netherlands
Universitat Politecnica de Valencia,Valencia,Spain
Texas A&M University,college station,US
PayPal,Austin,US
Visualization and Interactive Systems Institute; University of Stuttgart,Stuttgart,Germany
Aarhus University,Aarhus,Denmark
"Future Interaction Technologies Lab, Swansea University",Swansea,UK
Xerox Innovation Group,Grenoble,France
Florida Institute of Technology,Melbourne,US
Keio-NUS CUTE center,Singapore,Singapore
Korea University,Seoul,Republic of Korea
Stony Brook University,Stony Brook,US
NUST,Islamabad,Pakistan
Hanyang university,Seoul,Korea
CNR-ISTI,Pisa,Italy
University of Lisbon,Lisbon,Portugal
University of Michigan,Ann Arbor,US
University of Patras,Patras,Greece
"Information Science, Cornell University",Ithaca,US
temp,temp,India
JHT Incorporated,Orlando,US
The University of Tokyo,Tokyo,Japan
Fraunhofer IESE,Kaiserslautern,Germany
New York Institute of Technology,New York,US
TERC,Cambridge,US
Center for Internet Excellence (CIE),Oulu,Finland
Portland State University,Portland,US
Pontifical Catholic University of Rio de Janeiro (PUC-Rio),Rio de Janeiro,Brazil
INRIA Rennes,Rennes,France
Yahoo! Labs,Barcelona,Spain
"Interface Ecology Lab, Texas A&M University",College Station,US
University of Aberdeen,Aberdeen,UK
University of Toulouse,Tolouse,France
SAP France,Levallois Perret,France
The Open University,Milton Keynes,UK
Incaa Designs,Winslow,US
"Media Informatics Group, University of Munich (LMU)",Munich,Germany
Centre for Intermedia,Exeter,UK
Graz University of Technology,Graz,Austria
CURE - Center for Usability Research & Engineering,Vienna,Austria
Media Informatics Group,Munich,Germany
Montclair State University,Montclair,US
Simon Fraser University,Surrey,Canada
University of Sussex,Falmer,UK
Adobe,Seattle,US
"School of Informatics & Computing, Indiana University",Bloomington,US
Lancaster university,Lancaster,UK
University of Applied Sciences Amberg-Weiden,Amberg,Germany
University of Mannheim,Mannheim,Germany
CEA LIST,Fontenay-aux-Roses,France
University of Sussex,"Falmer, Brighton",UK
Union County Public Schools,Monroe,US
DGA,Bagneux,France
seoul national universiy,seoul,Republic of Korea
University of Rochester,Rochester,US
"University of Glasgow, UK",Glasgow,UK
Bunkyo,Tokyo,Japan
Nokia,Sunnyvale,US
"Luminanze Consulting, LLC",Silver Spring MD 20902,US
"University of Crete, Computer Science Department",Heraklion,Greece
Samsung Telecommunications America,Richardson,US
CSIR-Meraka,Pretoria,South Africa
Institute for Computer Graphics and Vision,Graz,Austria
Elsevier,St. Louis,US
Institute of Human Factors and Ergonomics,Beijing,China
The University of New South Wales,Canberra,Australia
University of Michigan School of Information,Ann Arbor,US
National Institute of Informatics,Tokyo,Japan
"ulinkm.com Co.,Ltd.",Wuyishan,China
the University of Tokyo,Bunkyo-ku,Japan
Living Research Labs Inc.,Seattle,US
Lextant,Columbus,US
Scalable Conversations,Berkeley,US
Technical University of Crete,Chania,Greece
Polytechnic Institute of New York University,Brooklyn,US
Graz Medical University,Graz,Austria
University of Maryland,College Park,US
IBM Research - Tokyo,Tokyo,Japan
"LITA, EA 3097. computer Lab",Metz,France
Yonsei University,Seoul,Republic of Korea
UC Berkeley,Berkeley,US
"Rutgers, The State University of New Jersey",New Brunswick,US
"University of Stuttgart, Stuttgart",Stuttgart,Germany
Toronto Rehab,Toronto,Canada
University of Hawaii at Manoa,Honolulu,US
Google,New York,US
The MITRE Corporation,McLean,US
Paris Descartes University,Paris,France
The University of Electro-communications,"Chofu, Tokyo",Japan
"MIT Media Lab, Cambridge",Cambridge,US
University of Genoa,Genoa,Italy
Ruhr-University of Bochum,Bochum,Germany
DSV,Stockholm,Sweden
Massachusetts Institute of Technology,Cambridge,US
Queen's University,Kingston,Canada
George Mason University,Fairfax,US
"University of Illinois, Chicago",Chicago,US
"JST, PRESTO",Kawaguchi,Japan
NTU,Singapore,Singapore
Carleton University,Ottawa,Canada
"University of Maryland, Baltimore County",Baltimore,US
Indian Institute of Technology Kharagpur,Kharagpur,India
Towson University,Towson,US
INRIA & Univ Paris-Sud,Orsay,France
The University of Sydney,Sydney,Australia
Rackspace,San Antonio,US
University of Chicago,Chicago,United States of America
university of linz,linz,Austria
UCSD,La Jolla,US
University of Louvain,Louvain-la-Neuve,Belgium
University of Graz,Graz,Austria
University of Luxembourg,Luxembourg-Kirchberg,Luxembourg
"University of California, Berkeley",Berkeley,United states
The Pennsylvania State University,University Park,US
Aalto University,Helsinki,Finland
CNRS,Grenoble,France
3M Company,Austin,US
"Indiana University, Bloomington","Bloomington, IN",US
Birzeit University,Birzeit,Israel
University Pompeu Fabra,Barcelona,Spain
"GREPS, University of Lyon, University Lyon 2",Bron,France
University of Nottingham,Nottingham,Enagland
TU Berlin,Berlin,Germany
University of Padova,Padova,Italy
"School of Information Science and Engineering, University of Jinan, China",JiNan,China
Joanneum Research,Graz,Austria
Northeastern University,Boston,US
Citrix Systems,Santa Clara,US
UFRGS,Porto Alegre,Brazil
University of Duisburg-Essen,Essen,Germany
Otto-von-Guericke-University Magdeburg,Magdeburg,Germany
"University of Lyon, LIRIS",Villeurbanne F-69621,France
Cryptography and Computer Algebra,Darmstadt,Germany
University of Minnesota,Minneapolis,US
Valdosta State University,Valdosta,US
"Institute for Information Systems, University of Siegen",Siegen,Germany
University of Magdeburg,Magdeburg,Germany
Eindhoven University of Technology,Eindhoven,The Netherlands
Samsung DTL lab,Richardson,US
"IRIT, University Paul Sabatier, Toulouse III",Toulouse,France
"University of Strathclyde, UK",Glasgow,UK
Energy Design,Eskilstuna,Sweden
Galileo University,Guatemala City,Guatemala
IBM T.J. Watson Research Center,Hawthorne,US
Indiana University,Blooomington,US
Nokia Research Center,Tampere,Finland
Intel,Santa Clara,US
NHTV Breda University of Applied Sciences,Breda,The Netherlands
SAP AG,Darmstadt,Germany
The University of Electro Communication,Chofu,Japan
University,Siegen,Germany
"National University of Ireland, Galway",Galway,Ireland
"Facebook, Inc.",Palo Alto,US
Temasek Polytechnic,Singapore,Singapore
"Shenzhen Institute of Advanced Technology, CAS",Shenzhen,China
University of York,York,UK
University College Falmouth,Penryn,UK
university of Glasgow,Glasgow,UK
Louvain Interaction Laboratory,Louvain La Neuve,Belgium
Pohang University of Science and Technology (POSTECH),Pohang,Republic of Korea
Fidelity Investments,Boston,US
PUCRS,Porto Alegre,Brazil
AmbieSense Ltd,Aberdeen,UK
University of South Carolina,Columbia,US
University of Surrey,Guildford,UK
Xerox Research Centre Europe,Grenoble,France
LinkedIn,Mountain View,US
University of Oulu,Oulu,Finland
Virginia Polytechnic Institute and State University (Virginia Tech),Blacksburg,US
DNP Information Systems,Shinjuku,Japan
Univ Paris-Sud,Orsay,France
"HCII, Carnegie Mellon University",Pittsbugh,US
New England Wildflower Society,Framingham,US
Banque Privee Edmond de Rothschild,Geneva,Switzerland
University of Bristol,Bristol,UK
Cornell University,Ithaca,US
National University of Singapore (NUS),Singapore,Singapore
Xerox Research Center Europe,Grenoble,France
TEchnosite,Madrid,Spain
The Open University,Milton Keynes,UK
The University of Tokyo,Bunkyo-ku,Japan
ruwido,Neumarkt,Austria
University of Tampere,Tampere,Finland
University of Maryland,College Park,US
University of Siegen,Siegen,Germany
Brunel University,London,UK
RMIT University,Melbourne,Australia
IBM Research,New Delhi,India
Modular Projects,Newcastle upon Tyne,UK
"Google, Inc.",Mountain VIew,US
University of Washington,Seattle,US
The Hong Kong Polytechnic University,Kowloon,Hong Kong
Augsburg University of Applied Sciences,Augsburg,Germany
"University of Technology, Sydney",Ultimo,Australia
Lahore University of Management Sciences,Lahore,Pakistan
Honda Research Institute USA,Mountain View,US
"Faculty of Science and Technology, Deakin University",Geelong,Australia
Department of Computer Science,Kiel,Germany
University of Jinan,Jinan,China
LIMSI-CNRS,Orsay,France
IBM Research,Hawthorne,US
Google,Mountain View,US
National Research Council Canada,Moncton,Canada
Hartnell College,Salinas,US
Queen Mary University of London,London,UK
Rutgers Unniversity,new brunswick,US
ENIS,Sfax,Tunisia
"Inria, Univ Paris-Sud & CNRS",Orsay,France
Department of Computing and Systems Sciences,Stockholm,Sweden
The DuKode Studio,Brooklyn,US
Department of Computer Science,Urbana,US
Centre for Sustainable Communications,Stockholm,Sweden
Case Western Reserve University,Cleveland,US
"Cisco System, Inc.",San Jose,US
MediaTel,London,UK
CSIE,Taipei,Taiwan
Bangladesh University of Engineering and Technology,Dhaka,Bangladesh
Qualcomm Technologies Inc.,San Diego,US
Small World Consulting,Lancaster,UK
Information Institute,Qingdao,China
L3S Research Center,Hannover,Germany
INESC-ID,Lisbon,Portugal
Hanyang University,Seoul,Republic of Korea
University of Auckland (UoA),Auckland,New Zealand
De Montfort University,Leicester,UK
Shahjalal University of Science & Technology,Sylhet-3114,Bangladesh
NCR Corporation,Dundee,UK
IIIT Hyderabad,Hyderabad,India
Hanyang Universtiy,Seoul,Republic of Korea
Swiss Federal Institute of Technology Zurich,Zurich,Switzerland
University of Freiburg,Freiburg,Germany
Virginia Tech,Blacksburg,US
Keio University,Yokohama City,Japan
University of Saskatchewan,Saskatoon,Canada
Telecom ParisTech - CNRS LTCI UMR 5141,Paris,France
CSIRO,Sydney,Australia
Alcatel-Lucent,Nozay,France
School of Software Engineering,Beijing,China
"Institute for Computer Graphics and Vision, Graz University of Technology",Graz,Austria
Microsoft,Sunnyvale,US
Helsinki Institute for Information Technology HIIT / Aalto University,Espoo,Finland
University of Copenhagen,Copenhagen,Denmark
KTH-Royal Institute of Technology,Stockholm,Sweden
Deakin University,Geelong,Australia
Alcatel-Lucent Bell Labs,Nozay,France
KDDI R&D Laboratories,3-10-10 Chiyoda-ku,Japan
Dingwall Enterprises,Nottingham,UK
RheinMain University of Applied Sciences,Wiesbaden,Germany
University of Warwick,Coventry,UK
RMIT University,Melbourne,Australia
Intel,Portland,US
Savannah College of Art and Design,Savannah,US
Aalto University,Espoo,Finland
University of Technology,Sydney,Australia
University of Florida,Gainesville,US
Korea Advanced Institute of Science and Technology,Daejeon,Republic of Korea
University of Amsterdam,Amsterdam,The Netherlands
Lancaster University,Lancaster,UK
Oracle,Cambridge,US
Vanderbilt University,"2209 Garland Avenue, Nashville 37205",US
Nokia Research Center,Palo Alto,US
"Keio-NUS CUTE Center, Interactive & Digital Media Institute, National University of Singapore",Singapore,Singapore
IBM Research,Bangalore,India
Dhirubhai Ambani Institute of Information and Communication Technology,Gandhinagar,India
Oracle,Zapopan,Mexico
the Univ. of Tokyo,Tokyo,Japan
Middle East Technical University,Ankara,Turkey
KDDI R&D Laboratories,Chiyoda-ku,Japan
National Taiwan University Hospital,Taipei,Taiwan
Tokyo University of Agriculture and Technology,Koganei,Japan
Microsoft Research,Mountain View,US
Universite Joseph Fourier,Grenoble,France
Adobe,Munich,Germany
Uppsala University,Uppsala,Sweden
CLIPS-IMAG,Grenoble,France
Hanyang University,Ansan,Korea
Vodafone Group Services,Duesseldorf,Germany
University of Coimbra,Coimbra,Portugal
Swinburne University of Technology,Melbourne,Australia
the University of New South Wales,Sydney,Australia
University of Toulouse,Toulouse,France
Public Research Center Henri Tudor,Luxembourg-Kirchberg,Luxembourg
Delft University of Technology,Delft,The Netherlands
Google Research,Mountain View,US
Heriot-Watt University,Edinburgh,Scotland
Know-Center GmbH,Graz,Austria
Washington University in St. Louis,St. Louis,US
University of Brisith Columbia,Vancouver,Canada
"School of Information, University of Michigan, Ann Arbor",Ann Arbor,US
University of Central Lancashire,Preston,UK
The University of British Columbia,Vancouver,Canada
Washington State University,Pullman,US
The Smith-Kettlewell Eye Research Institute,San Francisco,US
Central Saint Martins College of Art and Design,London,UK
University of Cyprus,Nicosia,Cyprus
Hasso-Plattner-Institut,Potsdam,Germany
University of Hawaii at Manoa,Honolulu,United States of America
"Dept. of Industrial Design, KAIST",Daejeon,Republic of Korea
Mobile Life @ Stockholm University,Stockholm,Sweden
University of Leuven,Leuven,Belgium
"University of Calfornia, Riverside",Riverside,US
"National Taiwan University of Science and Technology, Taipei",Taipei,Taiwan
Beijing University of Posts and Telecommunications,Beijing,China
TU Berlin. Telekom Innovation Laboratories,Berlin,Germany
Ritsumeikan University,Kyoto,Japan
NiJel.org,Tempe,US
Rochester Institute of Technology,Rochester,US
Intel Corporation,Santa Clara,US
University of Bath,Bath,United Kingdon
University of York,"York, YO10 5GH",UK
Studio Frankness AB,Stockholm,Sweden
Play,Warsaw,Poland
Alcatel-Lucent,Dublin,Ireland
Multimedia Engineering,Hsinchu,Taiwan
Reflective Thinking,Newcastle upon Tyne,UK
InContext Design,Concord,US
The University of Hong Kong,Pokfulam,Hong Kong
Open University of the Netherlands,Heerlen,The Netherlands
Microsoft Research,Hertzelia,Israel
XRCE Xerox,Meylan,France
"Computer Science and Engineering, DUB Group, University of Washington",Seattle,US
"University of California, Irvine",Irvine,US
Tokyo Metropolitan University,Hino,Japan
Informatics Institute,Ankara,Turkey
Ryerson University,Toronto,Canada
INRIA -  Institut National de Recherche en Informatique et en Automatique,Le Chesnay Cedex,France
University of Leeds,Leeds,UK
"University of Nebraska, Lincoln",Lincoln,US
Measuring Usability LLC,Denver,US
MAD-Faculty,Genk,Belgium
Fraunhofer IAO,Stuttgart,Germany
Rivendel Consulting & Design,Berkeley,US
INESC-TEC,Porto,Portugal
Universidad Carlos III de Madrid,Leganes,Spain
Peking University,Beijing,China
University of Konstanz,Konstanz,Germany
"National University of Singapore, NUS",Singapore,Singapore
"HCII, Carnegie Mellon University",Pittsburgh,US
American Institutes for Research,Washington,US
University of Bochum,Bochum,Germany
University of Oklahoma,Norman,US
Beihang University,Beijing,China
University of Trento,Trento,Italy
University of Munich,Munich,Germany
RNHA,Birmingham,UK
Notaplan Aps,Aalborg,Denmark
European University Cyprus,Nicosia,Cyprus
Technical University Vienna,Vienna,Austria
ntu,nottingham,UK
York University,Toronto,Canada
IIT,Kampur,India
National University of Science and Technology (NUST),Islamabad,Pakistan
University of North Carolina Charlotte,Charlotte,US
Tufts University,Medford,US
Princeton University,Princeton,US
Beth Israel Deaconess Medical Center,Boston,US
Royal Free NHS Trust,London,UK
Purdue University,West Lafayette,US
Harvard Medical School,Cambridge,US
Amsterdam University of Applied Sciences,Amsterdam,The Netherlands
Human-Computer Interaction Lab,College Park,US
Chemnitz University of Technology,Chemnitz,Germany
"Samsung Telecom America, Richardson",Richardson,US
Stanford University,Stanford,United States of America
IT University Copenhagen,Copenhagen,Denmark
National Research Council of Canada,Ottawa,Canada
Kansai University,Osaka,Japan
UNIVERSIDAD AUTONOMA DE BAJA CALIFORNIA,Tijuana,MEXICO
Nanjing University,Nanjing,China
Kingston University,Kingston Upon Thames,UK
SAP AG,Dresden,Germany
Hanyang Univ.,Seoul,Republic of Korea
NICTA,Sydney,Australia
Heriot-Watt University,Edinburgh,UK
Ochanomizu University,Bunkyo-ku,Japan
University of Alabama at Birmingham,Birmingham,US
Stanford University,Stanford,US
University of Nevada,Reno,US
Rice University,Houston,US
Mega Super Awesome Visuals Company,London,UK
Keio University,Fujisawa,Japan
Norsk Regnesentral/Norwegian Computing Center,Oslo,Norway
CICESE,Ensenada,Mexico
University of Sheffield,Sheffield,UK
University of  Manitoba,Winnipeg,Canada
Intel,Beijing,China
University of Maryland Baltimore County,Baltimore,US
Sony CSL Paris,Paris,France
Telekom Innovation Laboratories,Berlin,Germany
Center for User Experience Research (CUO),Leuven,Belgium
Nanyang Technological University,Singapore,Singapore
,San Diego,US
CWI (Centrum voor Wiskunde en Informatica),Amsterdam,The Netherlands
East West University,Dhaka,Bangladesh
Industrial Systems Institute,Patras,Greece
Singapore,Singapore,Singapore
KDDI Evolva Inc.,Chiyoda-ku,Japan
Univeristy of Massachusetts Lowell,Lowell,US
Human Computer Interaction Institute,Pittsburgh,US
University Calgary,Calgary,Canada
University of Eastern Finland,Joensuu,Finland
IBM,Boca Raton,US
independent scholar,Honolulu,US
Sony Computer Entertainment,London,UK
TinkerStories,Boston,US
"aKAP Innovation, LLC",Rochester,US
University of Puget Sound,Tacoma,US
National Research Foundation,Pretoria,South Africa
"University of California, San Diego",La Jolla,US
University College Dublin,Dublin,Ireland
University of North Carolina-Chapel Hill,Chapel Hill,US
Osaka University Dental Hospital,Suita,Japan
Temasek Polytechnic,Singapore,Singapore
IUPUI,Indianapolis,US
CASED,Darmstadt,Germany
DFKI GmbH,Saarbrucken,Germany
Institute for Design and Assessment of Technology,Vienna,Austria
California College of the Arts,San Francisco,US
"EECS, UC Berkeley",Berkeley,US
Harvey Mudd College,Claremont,US
"City University, London",London,UK
SAMH Engineering,Blackrock,Ireland
"Technologies for health behaviour change, VTT Technical Research Centre of Finland, Tampere",Tampere,Finland
Mindloom,Berkeley,US
"School of Informatics & Computing, Indiana University, Bloomington",Bloomington,US
"The Open University, UK",London,UK
National Chiao Tung University,Hsinchu,Taiwan
CNRS UMR - IRCAM,Paris,France
Miguel Hernandez University of Elche,Elche,Spain
CREST,Tokyo,Japan
National Chenchi University,Taipei,Taiwan
EDF R&D,Clamart,France
University of Colorado,Boulder,US
IRCAM,Paris,France
School of Science Aalto University,Espoo,Finland
Nagoaka University of Technology,Nagaoka,Japan
"Helsinki Institute for Information Technology, University of Helsinki",Helsinki,Finland
Information School at the University of Washington,Seattle,US
Graduate School of Science and Technology Keio University Japan,Yokohama-shi,Japan
Telecom ParisTech,Paris,France
Bowie State University,Bowie,US
Univeristy of Oxford,Oxford,UK
IBM Research,San Jose,US
Telecom Italia,Turin,Italy
Ericsson Research,Beijing,China
University of Social Sciences and Humanities,Warszawa,Poland
"University of California, Santa Barbara",Santa Barbara,US
"University College Cork, Ireland",Cork,Ireland
University of Texas,Austin,US
Jadavpur University,Kolkata,India
Vienna University of Technology,Vienna,Austria
University of Tasmania,Hobart,Australia
KU Leuven,Leuven,Belgium
Eindhoven University of Technology,Eindhoven,The Netherlands
Hangzhou Normal University,Hangzhou,China
UNIVERSITY OF FORTALEZA,Fortaleza,Brazil
University of Washington (UW),Seattle,US
"Teachers College, Columbia University",New York,US
Northumbria University,Newcastle upon Tyne,UK
University of Leicester,Leicester,UK
"TecEd, Inc.",Ann Arbor,US
Ohio State University,Columbus,US
Helsinki Institute for Information Technology,Helsinki,Finland
Caritas Institute of Higher Education,Hong Kong,Hong Kong
"School of Geosciences, University of Edinburgh",Edinburgh,UK
University of Haifa,Haifa,Israel
Worcester Polytechnic Institute,Worcester,US
Karolinska University Hospital,Stockholm,Sweden
UMich,ann arbor,US
University of Science and Technology of China,Hefei,China
"Swiss Federal Institute of Technology (EPFL), Lausanne",Lausanne,Switzerland
National University of Sciences and Technology,Islamabad,Pakistan
Simon Fraser University,Burnaby,Canada
"IRIT, CNRS & University of Toulouse",Toulouse,France
VU University Amsterdam,Amsterdam,The Netherlands
Intel Corporation,Hillsboro,US
Ibaraki University,Mito,Japan
Graduate School of Software and Information Science Iwate Prefectural University,Takizawa-mura,Japan
Saitama university,Saitama,Japan
Ayogo Games Inc.,Vancouver,Canada
University of York,York YO10 5GH,UK
Dartmouth College,Hanover,US
Learning Research and Development Center,Pittsburgh,US
University of Pittsburgh,Pittsburgh,US
UC Berkeley,Berkeley,US
"Luebeck University of Applied Sciences, Faculty of Electrical Engineering and Computer Science",Luebeck,Germany
Liaoning Technical University,Huludao,China
Mobile Life Centre,Stockholm,Sweden
Akron Children's Hospital,Akron,US
"Institute of Software, Chinese Academy of Sciences",Beijjing,China
"Univ Paris-Sud, CNRS & INRIA, Paris",Paris,France
IT-University of Copenhagen,Copenhagen,Denmark
Korea Institute of Science and Technology,Seoul,Republic of Korea
"DTU Informatics,  Cognitive systems",Lyngby,Denmark
Texas Tech University,Lubbock,US
Hackerspace.sg,Singapore,Singapore
University of Siegen,Siegen,Germany
Electrical Engineering and Computer Science Department,Berkeley,US
Tweedie Consulting,Bath,UK
University,kanagawa,Japan
University of Porto,Porto,Portugal
Academia Sinica,Taipei,Taiwan
University of Michgian,Ann Arbor,US
Umea Institute of Design,Umea,Sweden
Eastman Kodak Co.,Rochester,US
ACES,RENNES,France
North Carolina State University,Raleigh,US
"Quality and Usability Lab, Deutsche Telekom Laboratories",Berlin,Germany
T-Method,Chiba,Japan
The Hong Kong Polytechnic University,Hung Hom,Hong Kong
Massachusetts Institute of Technology,Cambridge,US
"Vienna University of Technology, ICT",Vienna,Austria
University of Applied Sciences Upper Austria,Hagenberg,Austria
University of Surrey,Guildford,UK
UC Santa Barbara,Santa Barbara,US
National University of Singapore,Kent Ridge Crescent,Singapore
Manhattan Associates,Atlanta,US
"KMD, Keio University",Tokyo,Japan
Fondazione Bruno Kessler-IRST,Trento,Italy
monash,Melbourne,Australia
"Dai Nippon Printing Co., Ltd.",Tokyo,Japan
Arizona State University,Phoenix,US
Hellenic Open University,Patras,Greece
Keio-NUS CUTE Center,Singapore,Singapore
University of Southern California,Los Angeles,US
Department of Psychology,Helsinki,Finland
University of Colorado Boulder,Boulder,US
"University of California, Berkeley",Berkeley,US
INRIA,Paris,France
University of Stuttgart,Stuttgart,Germany
GE Global Research,San Ramon,US
Scalable Conversations,Berkeley,US
Tallinn University,Tallinn,Estonia
Cancer Council Victoria,Carlton,Australia
University of Warsaw,Warszawa,Poland
Waseda University,Tokyo,Japan
Texas A&M University,College Station,US
"Mixed Reality Lab, Computer Science, University of Nottingham",Nottingham,UK
University of Social Sciences and Humanities,Warszawa,Poland
"INRIA, Orsay, France & INRIA Chile",Orsay,France
Indiana University,Indianapolis,US
INSA,Rennes,France
Madeira Interactive Technologies Institute,Funchal,Portugal
"Deutsche Telekom Laboratories, TU Berlin",Berlin,Germany
Stanford University,Stanford,US
University of Southern Denmark,Kolding,Denmark
University of Illinois Chicago (UIC),Chicago,US
BILTIR / Middle East Technical University,Ankara,Turkey
Accenture,New York,US
Intercultural User Interface Consulting (IUIC),Undorf,Germany
"Indiana University, Bloomington",Bloomington,US
Interdisciplinary Center (IDC) Herzliya,Herzliya,Israel
University of Cape Town,Cape Town,South Africa
University of California Santa Cruz,Santa Cruz,US
University of Calgary,Calgary,Canada
The Open University of Japan,Mihama-ku,Japan
University of Canterbury,Christchurch,New Zealand
University of Lincoln,Lincoln,UK
LG Electronics Inc.,Seoul,Republic of Korea
ETH Zurich,Zurich,Switzerland
Duke,Durham,US
Wellesley College,Wellesley,US
"Texas A&M University, College Station",College Station,US
Tokyo Metropolitan University,Tokyo,Japan
Utrecht University,Utrecht,The Netherlands
University of Zurich,Zurich,Switzerland
University of Oldenburg,Oldenburg,Germany
"MathWorks, Inc",Natick,US
Oracle,Broomfield,US
Royal Institute of Technology,Stockholm,Sweden
Yahoo! Research,Sunnyvale,US
Babson College,Wellesley,US
University of Bordeaux,Bordeaux,France
University of Massachusetts Amherst,Amherst,US
University of Udine,Udine,Italy
HEC Montreal,Montreal,Canada
The University of Western Ontario,London,Canada
University of the Philippines Open University,College,Philippines
University of Sussex,Brighton,UK
Univ Paris-Sud & CNRS,Orsay,France
Tampere University of Technology,Tampere,Finland
Microsoft Corporation,Redmond,US
"DPU - the danish scool of education, aarhus university",Copenhagen,Denmark
Missouri Western State University,Saint Joseph,US
"School of Information Science, Japan Advanced Institute of Science and Technology",Ishikawa,Japan
Universidad de Zaragoza (Spain),Zaragoza,Spain
"Wearable Computing Lab., ETH Zurich, Zurich",Zurich,Switzerland
"Department of Management and MIS, University of Nicosia",Nicosia,Cyprus
University of Minho,Braga,Portugal
"Graduate School of Media Design, Keio University",Yokohama,Japan
Fujitsu Limited,Kawasaki,Japan
DialogDesign,Stenlose,Denmark
"FIT Lab, Swansea University",Swansea,UK
Hewlett Packard,Palo Alto,US
UMBC,Baltimore,US
DGAC DSNA,Toulouse,France
University of Sunderland,Sunderland,UK
Seattle Pacific University,Seattle,US
Canterbury Christ Church University,Canterbury,UK
Texas State University,San Marcos,US
The University of Texas at Austin,Austin,US
Harvard University,Cambridge,US
Samsung R&D Research Center,San Jose,US
Lakeside Upper School,Seattle,US
Yonsei University,Seoul,Republic of Korea
University of Nottingham,Nottingham,UK
Autodesk Research,Toronto,Canada
Tokyo Institute of Technology,Tokyo,Japan
NTT Corporation,Yokosuka,Japan
Universidad Politecnica de Madrid,Madrid,Spain
UX Design Edge,St Albans,US
LIG,Grenoble,France
M.I.T.,Cambridge,US
"University at Albany, SUNY",Albany,US
The Pennsylvania State University,State College,US
Helwan,Cairo,Egypt
Bureau of Economic Interpretation,Berkeley,US
Centre for Pattern Recognition and Data Analytics,Geelong,Australia
University of Campinas,Campinas,Brazil
Kunming University of Science and Technology,Kunming,China
The Graduate Univ. for Advanced Studies,Tokyo,Japan
University of Alabama,Tuscaloosa,US
"Autodesk, Inc.",San Francisco,US
University of Tokyo / Sony CSL,Meguro-ku,Japan
UVHC,Valenciennes,France
University of Technology Sydney,Sydney,Australia
Nursing Science,Irvine,US
Google,Zurich,Switzerland
"Vis Center,UNC Charlotte.",Charlotte,US
"Center for Human-Computer Interaction, Virginia Tech",Blacksburg,US
Australian National University,Canberra,Australia
Keio University,Yokohama,Japan
CEA LIST,Gif-sur-Yvette,France
Swansea University,Swansea,UK
Lahore University of Management Sciences,Lahore,Pakistan
Swiss Federal Institute of Technology (ETH Zurich),Zurich,Switzerland
Institution of Human Factors and Ergonomics,Beijing,China
EmailVision,Clichy,France
"Oki Electric Industry Co., Ltd.",Warabi,Japan
Ford Motor Company,Dearborn,US
Politecnico di Torino,Torino,Italy
Max Planck Institute for Informatics,Saarbrucken,Germany
Oracle,REDWOOD SHORES,US
University of Gothenburg,Gothenburg,Sweden
Samsung,Suwon,Republic of Korea
The University of Manchester,Manchester,UK
University of British Columbia,Vancouver,Canada
MIchigan Technological University,Houghton,US
Technical University of Denmark,Lyngby,Denmark
Lunghwa University of Science and Technology,Taoyuan,Taiwan
ENAC,Toulouse,France
Cambridge City Countil,Cambridge,UK
Abertawe Bro Morgannwg University (ABMU) Health Board,Swansea,UK
Vision & Logic,Lincoln,US
SICS,Kista,Sweden
University of the West of England,Bristol,UK
University of Crete,Heraklion,Greece
Ensimag,Grenoble,France
University of Salzburg,Salzburg,Austria
"Department of Informatics, UC Irvine",Irvine,US
University of Arts,Berlin,Germany
University of Georgia,Athens,US
the University of New South Wales,Sydney,Australia
CSIRO,Marsfield,Australia
NTT Communication Science Laboratories,Soraku-gun,Japan
University of Abertay Dundee,Dundee,UK
Simon Fraser University,Vancouver,Canada
University Stefan cel Mare of Suceava,Suceava,Romania
German Research Center for Artificial Intelligence,Kaiserslautern,Germany
University of Vienna,Vienna,Austria
"Language Technologies Institute, Carnegie Mellon Univeristy",Pittsburgh,US
Human-Computer Interaction Institute,Pittsburgh,US
SusaGroup,Enschede,The Netherlands
Florida Institute of Technology,Melbourne,US
UC Santa Cruz,Santa Cruz,US
Gothenburg University,Gothenburg,Sweden
The University of Waikato,Hamilton,New Zealand
University of St Andrews,St Andrews,UK
University of Wisconsin-Madison,Madison,US
Slate Learning,Encinitas,US
University of Bordeaux,Talence,France
IRISA/INRIA Rennes,Rennes,France
Corporation for National Research Initiatives,Reston,US
Intel Corporation,Folsom,US
Mobile Life Centre & Swedish Institute of Computer Science,Kista,Sweden
Politechnic University of Catalonia,Barcelona,Spain
National Defense Medical Center,Taipei 114,Taiwan
The University of Melbourne,Melbourne,Australia
"TU Eindhoven, Department of Industrial Design",Eindhoven,The Netherlands
Games for Learning Institute,New York,US
Korean German Institute of Technology,Seoul,Republic of Korea
ITU,Copenhagen,Denmark
University of Strathclyde,Glasgow,UK
Indiana University,"Bloomington, IN",US
The Hong Kong University of Science and Technology,Hong Kong,China
"Helsinki Institute for Information Technology HIIT, University of Helsinki",Helsinki,Finland
NYU-Poly,New York,US
National Endowment for the Humanities,Washington D.C.,US
IBM,Armonk,US
Columbia University,New York City,US
University of Utah,Salt Lake City,US
University of Santa Cruz,Santa Cruz,US
Fraunhofer MEVIS,Bremen,Germany
University of Copenhagen,Copenhagen,Denmark
"University of California, Irvine",Irvine,US
Sony CSL,Tokyo,Japan
Simon Fraser University,Surrey,Canada
University of Washington,Seattle,US
"King's College, London",London,UK
"University of Maryland, College Park",College Park,US
College of William and Mary,Williamsburg,US
National University of Singapore,Singapore,Singapore
MindJet,San Francisco,US
"ICT&S Center, University of Salzburg",Salzburg,Austria
Adobe,San Jose,US
KAIST (Korea Advanced Institute of Science and Technology),Daejeon,Republic of Korea
Hewlett-Packard Laboratories,Bangalore,India
Healing and Rebuilding our Communities,Gisenyi,Rwanda
University of Maryland,College Park,US
Philips Research,Eindhoven,The Netherlands
Northwestern University,Chicago,US
PresenceDisplays,Delft,The Netherlands
IBM Research,Haifa,Israel
University of Lugano (USI),Lugano,Switzerland
Brigham Young University,Provo,US
Umea University,Umea,Sweden
University of Duisburg-Essen,Duisburg,Germany
Portsaid University,Portsaid,Egypt
University of Northumbria,Newcastle-upon-Tyne,UK
Nelson Mandela Metropolitan University,Port Elizabeth,South Africa
Graduate Institute of Networking and Multimedia,Taipei,Taiwan
Instituto Politecnico de Castelo Branco,Castelo Branco,Portugal
"The Pennsylvania State University, University Park, PA",University Park,US
University of Michgian,Ann Arbor,US
"College of Computing, Georgia Institute of Technology",Atlanta,US
Pennsylvania State University,University Park,US
Direct Partners,Marina del Rey,US
University Siegen,Siegen,Germany
Design for Context,Bethesda,US
NRL,Washington,US
"Department of Industrial Design, KAIST",Daejeon,Republic of Korea
HCIL,College Park,US
Parsons The New School for Design,New York,US
SPARK Experience Design,Rockville,US
"HCII & Heinz College, Carnegie Mellon University, Pittsburgh",Pittsburgh,US
University of Connecticut,Storrs,US
Fraunhofer FIT,Sankt Augustin,Germany
University Health Network,Toronto,Canada
Technical University of Crete,Chania,Greece
University of Tasmania,Launceston,Australia
NUS Graduate School for Integrative Sciences and Engineering (NGS),Singapore,Singapore
DePaul University,Chicago,US
University Lille 1,Lille,France
Interactive Institute,Umea,Sweden
Theatre Auracaria,Newcastle upon Tyne,UK
CREATE-NET,Trento,Italy
"University of Wisconsin, Madison",Madison,US
"University of Waterloo, Waterloo",Waterloo,Canada
"Department of Industrial Design, Eindhoven University of Technology",Eindhoven,The Netherlands
University of Guelph,Guelph,Canada
INRIA,Orsay,France
University of Lorraine,Metz,France
Shandong University,Jinan,P. R. China
Edinburgh Napier University,Edinburgh,UK
"School of Information Science and Engineering, University of Jinan, China",JiNan,China
Bar Ilan University,Ramat Gan,Israel
IBM Research,Hawthorne,US
Open Univeristy IET,Milton keynes,UK
Perth and Kinross Council,Perth,UK
Illinois Institute of Technology (IIT),Chicago,US
INRIA,Saclay,France
Oracle Corp.,Burlington,US
MABL Labs,Seoul,Republic of Korea
University of Nebraska-Lincoln,Lincoln,US
Samsung Telecom America,Richardson,US
University of Bamberg,Bamberg,Germany
University of Twente,Enschede,The Netherlands
Polytech'Nantes,Nantes,France
Royal Holloway,Egham,UK
Brown University,Providence,US
Honkalampi foundation,Joensuu,Finland
Vienna University of Technology,Vienna,Austria
University of California Berkeley,Berkeley,US
University of Oxford,Oxford,UK
Mobile Life @ SICS,Kista,Sweden
Sap labs,Bangalore,India
University of Siegen and Fraunhofer FIT,Siegen,Germany
Danske Bank,Copenhagen,Denmark
Aalborg University,Copenhagen,Denmark
Oxford Brookes University,Oxford,UK
Oracle,Burlington,US
GE HealthCare,Buc,France
Dalian Maritime University,Dalian,China
"School of Informatics, Indiana University, Indianapolis",Indianapolis,US
China Academy of Art,Hangzhou,China
Duke University,Durham,US
IBM Research,Sao Paulo,Brazil
The Hague University of Applied Sciences,The Hague,The Netherlands
university of birmingham,Birmingham,UK
JOANNEUM RESEARCH Forschungsgesellschaft mbH,Graz,Austria
Simcentric Technologies,Melbourne,Australia
British Broadcasting Corporation,Manchester,UK
Movinto Fun AB,Are,Sweden
Honda Research Institute USA,new york,US
The University of Electro Communication,Chofu,Japan
School of computer,Xi'an,China
Univ. Paris-Sud,Orsay,France
University of Illinois,Urbana-Champaign,US
The University of New South Wales,Sydney,Australia
Intel,Hillsboro,US
"Heriot-Watt University, Edinburgh",Edinburgh,UK
Friends of the cemetery,Cambridge,UK
Florida State University,Tallahassee,US
UC Berkeley,BERKELEY,US
Cisco Systems,Boxborough,US
CMU Portugal,Funchal,Portugal
"Muenster University of Applied Sciences, Muenster, NRW",Muenster,Germany
Iowa State University,Ames,US
Nokia Research Center,Beijing,China
iXora Technologies,Mountain View,US
"MVS - California, LLC",San Jose,US
Institue of HCI & Multimedia Tsinghua University,Beijing,China
Computer Science,Chicago,US
Oregon Health & Science University,Portland,US
Jacobs University Bremen,Bremen,Germany
United Technologies,Hartford,US
Tel Aviv University,Tel Aviv,Israel
The University of Hong Kong,Hong Kong,Hong Kong
The University of Electro-Communications,Chofu,Japan
University of Illinois at Urbana-Champaign,Singapore,Singapore
"Department of Social Science, Telecom Paristech",Paris,France
Mobiel Life @ Stockholm University,Kista,Sweden
UNC-Charlotte,Charlotte,US
"School of Information Technology, Otago Polytechnic",Dunedin,New Zealand
Faculty of Engineering,Nagano,Japan
Mixed Reality Lab,Singapore,Singapore
Durham University,Durham,UK
"Interaction Design LAB, Yonsei University",Seoul,Republic of Korea
University of Cambridge,Cambridge,UK
Nokia Gate5 GmbH,Berlin,Germany
Mobile Life Centre @ SICS,Kista,Sweden
LIRIS,Lyon,France
"Human Interaction Project, NTT Service Evolution Laboratories",Yokosuka,Japan
Muenster University of Applied Sciences,Muenster,Germany
University of Bristol,Bristol,UK
Indraprastha Institute of Information Technology,New Delhi,India
University of New Mexico,Albuquerque,US
Fondazione Bruno Kessler,Tretno,Italy
UVHC,valenciennes,France
The University of Tokyo,Chiba,Japan
University Of Central Florida,Orlando,US
Carnegie Mellon,Pittsburgh,US
SAP labs,Bangalore,India
University Of Oulu,Oulu,Finland
School of Design,Changsha,China
UCSD,San Diego,US
Designing Associates,San Francisco,US
Singapore University of Technology and Design,Dover,Singapore
University of Canberra,Canberra,Australia
Vienna University of Economics and Business,Vienna,Austria
Microsoft Applied Sciences Group,Redmond,US
SICS,Stockholm,Sweden
Xerox Research Centre Europe,Meylan,France
Iwate Prefectural University,Takizawa,Japan
LIMSI-CNRS,Orsay Cedex,France
Joticon Oy,Helsinki,Finland
Universidad Rey Juan Carlos,Madrid,Spain
IBM,Haifa,Israel
Drexel University,Philadelphia,US
"MobileIron, Inc.",Mountain View,US
San Jose State University,Moffett Field,US
Universidade Federal do Rio Grande do Sul,Porto Alegre,Brazil
Catholic University of Milan,Milan,Italy
Arts et Metiers ParisTech,Bordeaux,France
University of California San Diego,San Diego,US
Public University of Navarra,Pamplona,Spain
Xerox,Webster,US
IBM Software Group,Cambridge,US
RealNetworks Through Volt,Seattle,US
University of California,Berkeley,US
Oracle,Redwood City,US
State University of Rio de Janeiro,Rio de janiero,Brazil
"Samsung Advanced Institute of Technology (SAIT), Samsung Electronics",Yongin-si,Republic of Korea
Twitter,San Francisco,US
"Google, Inc.",New York,US
University,Kanagawa,Japan
Wuyi University,Wuyishan,China
Volkswagen Group of America,Belmont,US
IRIT,Toulouse,France
Pohang University of Science and Technology,Pohang,Korea
Leads360,El Segundo,US
INRIA,Lille,France
University of Alberta,Edmonton,Canada
IBBT,Ghent,Belgium
Folkwang University of Arts,Essen,Germany
RWTH Aachen University,Aachen,Germany
Trace Center - University of Wisconsin-Madison,Madison,US
College of Information Sciences & Technology,State College,US
Praekelt Foundation,Hyderabad,India
User Interface Design GmbH,Ludwigsburg,Germany
Ritsumeikan University,Kusatsu,Japan
FZI Research Center for Information Technology,Karlsruhe,Germany
University of Bari,Bari,Italy
UNC - Chapel Hill,Chapel Hill,US
"Medea, Malmo University",Malmo,Sweden
Bonsai Development Corporation,Woodside,US
Lund University,Lund,Sweden
University of Munch (LMU),Munich,Germany
Samsung Research,San Jose,US
LIIHS-IRIT,Toulouse,France
HCII,Pittsburgh,US
Fraunhofer FIRST,Berlin,Germany
SAP Labs,Bangalore,India
University of Nottingham,Nottingham,UK
Stanford University,Palo Alto,US
Media Interaction Lab,Hagenberg,Austria
Capgemini,Utrecht,The Netherlands
University of Michigan,Ann Arbor,US
University of Minnesota,Duluth,US
Leibniz University Hannover,Hannover,Germany
University of Salzburg,Salzburg,Austria
IBM,Pescadero,US
RWTH Aachen,Aachen,Germany
New York University,New York City,US
University of Washington,Seattle,US
Rutgers University,New Brunswick,US
University of California at Santa Cruz,Santa Cruz,US
university of monash,melbourne,Australia
Universidad Rey Juan Carlos,Mostoles,Spain
Beat Bullying,London,UK
Starlab,Barcelona,Spain
Backbase,Amsterdam,The Netherlands
The Open University,Milton Keynes,UK
"University of California, San Diego",San Diego,US
Roskilde University,Roskilde,Denmark
Siena College,Loudonville,US
INSA de Rennes,Rennes,France
Ajou University,Suwon,Republic of Korea
Universidad Francisco Marroquin,Guatemala,Guatemala
Graduate Institution of Multimedia and Networking,Taipei,R.O.C.(Taiwan)
"University of Michigan, School of Information",Ann Arbor,US
Inria,Bordeaux,France
Keio University,Yokohama  City,Japan
"Department of Industrial Design, KAIST","Daejeon,",Republic of Korea
University of Central Florida,Orlando,US
Archimedes Exhibitions GmbH,Berlin,Germany
Universidad Complutense de Madrid (UCM),Madrid,Spain
DA-IICT,Ahmedebad,India
Kanker.nl,Amsterdam,The Netherlands
Texas A & M University,College Station,US
BBC,Manchester,UK
University of Baltimore,Baltimore,US
Japan Advanced Institute of Science and Technology,Ishikawa,Japan
Universidad Jaume I,Castellon,Spain
University of Maryland,College Park,20742
The University of Auckland,Auckland,New Zealand
Pacific Northwest National Laboratory,Richland,US
The University of Nottingham,Nottingham,UK
Trinity College,Dublin,Ireland
Syracuse University,Syracuse,US
Bath Spa University,Bath,UK
UC San Diego,San Diego,US
Bristol University,Bristol,UK
"Indraprastha Institute of Information Technology, Delhi",New Delhi,India
Ben-Gurion University of the Negev,Beer-Sheva,Israel
HIIT,Helsinki,Finland
MobileWorks Inc.,Berkeley,US
Weizmann Institute of Science,Rehovot,Israel
Chiyoda-ku,Tokyo,Japan
Curtin University of Technology,Perth,Australia
"School of Communication, Media and Information Technology, Rotterdam University",Rotterdam Univeristy,The Netherlands
University of New York at Albany,Albany,US
Clemson University,Clemson,US
"ID-StudioLab, Delft University of Technology",Delft,The Netherlands
NetEase Research Center (Hangzhou),Hangzhou,China
University of Southampton,southampton,UK
FBK,Povo,Italy
"LIMSI-CNRS, University Paris South",Orsay Cedex,France
Lingnan University,Tuen Mun,Hong Kong
SAP AG,Walldorf,Germany
Sheffield Hallam University,Sheffiled,UK
Swinburne University Technology (Sarawak Campus),Kuching,Malaysia
KTH - Royal Institute of Technology,Stockholm,Sweden
Univerity of Central Lancashire,Preston,UK
University of California Irvine,Irvine,US
Emory University,Atlanta,US
University of Memphis,Memphis,US
"SAP Labs, LLC.",Palo Alto,US
University College of London,London,UK
IT University of Copenhagen,Copenhagen,Denmark
ASPECT,Blacksburg,US
Samsung Electronics,Suwon,Republic of Korea
Sultan Qaboos University,Al-Khoudh,Oman
Human Computer Interaction Institute,Pittsburgh,US
Esaote S.p.A.,Firenze,Italy
Miami University,Oxford,US
University of Ontario Institute of Technology (UOIT),Oshawa,Canada
University of West London,london,UK
Nokia,Beijing,China
Elon University,Elon,US
Mobile Life@Stockholm University,Stockholm,Sweden
Holland Bloorview Kids Rehabilitation Hospital,Toronto,Canada
Intel and Nokia Joint Innovation Center,Oulu,Finland
Minnesota State University,Mankato,US
Duquesne University,Pittsburgh,US
Saitama Univeristy,Saitama,Japan
Ubisoft,Pune,India
Clemson University,Greenville,US
Santa Clara University,Santa Clara,US
Unviersity of Washington,Seattle,US
RMIT,Melbourne,Australia
the Pennsylvania State University,State College,US
POSTECH,Pohang,Republic of Korea
Stanford Unviersity,Stanford,US
Middlesex University,London,UK
"Dray & Associates, Inc.",Minneapolis,US
"University of California, Santa Cruz",Santa Cruz,Santa Cruz
Sapienza - University of Rome,Rome,Italy
University College London,London,UK
Liverpool John Moores University,Liverpool,UK
Mobile Life,Kista,Sweden
"Graduate school of Media Design, Keio University",Yokohama,Japan
Digital Enterprise Research Institute,Galway,Ireland
University Hospital of Copenhagen,Copenhagen,Denmark
FrankNoz.com,San Francisco,US
Technische Universiteit Eindhoven,Eindhoven,The Netherlands
Troy University,Troy,US
University of Siena,Siena,Italy
School of Interactive Arts + Technology (SIAT),Surrey,Canada
MIND Lab,Syracuse,US
University Of Bath,Bath,UK
Microsoft Research FUSE Labs,Redmond,US
Tsinghua University,Beijing,China
Education.com,Redwood City,US
National Chiao Tung University,Hsin-chu,Taiwan
Fraunhofer Institute for Experimental Software Engineering,Kaiserslautern,Germany
University of Houston,Houston,US
Technical University Crete,Chania,Greece
The University of North Carolina at Chapel Hill,Chapel Hill,US
University of Illinois at Urbana Champaign,Urbana,US
State University of Rio de Janeiro,Rio de janiero,Brazil
UNC Charlotte,Charlotte,US
Madeira-ITI. University of Madeira,Funchal,Portugal
Department of Industrial Design Eindhoven University of Technology,Eindhoven,The Netherlands
National Institute of Advanced Industrial Science and Technology,Tsukuba,Japan
"University of California, Riverside",Riverside,US
Nokia Research Center,Sunnyvale,US
Ecole Normale Superieure,Paris,France
TELECOM ParisTech - CNRS LTCI UMR 5141,Paris,France
University of South Florida,Tampa,US
University of Geneva,GENEVA,Switzerland
Otago Polytechnic,Dunedin,New Zealand
Bard Colleg,Annandale-on-Hudson,US
Chalmers University of Technology,Gothenburg,Sweden
Rochester Institute of Technology,Rochester,US
University of Western Ontario,London,Canada
Fraunhofer IGD,Darmstadt,Germany
SINTEF,Oslo,Norway
Philips,Drachten,The Netherlands
Max Planck Institute for Informatics,Saarbruecken,Germany
Disney Research,Pittsburgh,US
University of Aarhus,Aarhus,Denmark
University of Castilla-La Mancha (UCLM),Albacete,Spain
"University of California, Berkeley",Berkeley,US
Microsoft Research India,Bangalore,India
University of Pavia,Pavia,Italy
Faculty of Human Kinetics,Lisbon,Portugal
University of Ontario Institute of Technology,Oshawa,Canada
IBBT-SMIT/VUB,Brussels,Belgium
University of Nottingham,Nottingham,UK
"Honda Research Institute Japan Co., Ltd.",Wako,Japan
CURE - Center for Usability Research and Engineering,Vienna,Austria
BI Norwegian School of Business,Oslo,Norway
university of calgary,calgary,canada
Benetas,Melbourne,Australia
University of Tsukuba,Tsukuba,Japan
University of Pittsburgh,Pittsburgh,US
Texas A&M Universty,College Station,US
University of Rostock,Rostock,Germany
Pervasive Media Studio,Bristol,UK
Stanford,Stanford,US
Ithaca College,Ithaca,US
Technosite,Madrid,Spain
"Goldsmiths, University of London",London,UK
Marist College,Poughkeepsie,US
University College of London,London,UK
Meiji University,Kawasaki,Japan
Yahoo! Labs,Haifa,Israel
Politecnico di Milano,Milan,Italy
Escuela Superior de Ingenieria Informatica. Universidad de Vigo,Ourense,Spain
Open University,Milton Keyens,UK
University of Maryland iSchool,College Park,US
KIST(Korea Institute of Science and Technology),Seoul,Republic of Korea
INRIA Bordeaux Sud-Ouest,Bordeaux,France
Curtin University,Perth,Australia
University of Lyon - EDF Research & Development,Lyon,France
Philips Research,Briarcliff Manor,US
ovos GmbH,Vienna,Austria
National Tsing Hua University,HsinChu,Taiwan
Politecnico di Milano,Milano,Italy
JST ERATO IGARASHI Design Interface Project,Bunkyo,Japan
Yonsei University,Seoul,Republic of Korea
University of Edinburgh,Edinburgh,UK
"Moscow State Technical University of Radio engineering, Electronics and Automation",Moscow,Russian Federation
University of Virginia,Charlottesville,US
Universidade Nova de Lisboa,Lisboa,Portugal
Samsung,San Jose,US
Seoul National University,Seoul,Republic of Korea
NC State University,Raleigh,US
Samsung Telecom America,Richardson,US
"Institute for Infocomm Research, (A*STAR)",Singapore,Singapore
Meguro-ku,Tokyo,Japan
School of Software Engineering,Beijing,China
RedWhale Software,San Mateo,US
FBK-IRST,Povo,Italy
University of Pennsylvania,Philadelphia,US
IBM Software Group,Boca Raton,US
"Edinburgh College of Art, Edinburgh University",Edinburgh,UK
Digital Contents Technologies,Taipei,Taiwan
UCLA,Los Angeles,US
"Honda Research Institute Japan Co., Ltd",Wako,Japan
BMW Research and Technology,Munich,Germany
Tokyo University of Technology,Hachioji,Japan
"University of Lugano (USI), Lugano, TI",Lugano,Switzerland
Teesside University,Middlesbrough,UK
University of Aveiro,Aveiro,Portugal
Copenhagen University,Copenhagen,Denmark
"University of Washington, Information School",Seattle,US
NASA Ames Research Center,Mountain View,US
VTT Technical Research Centre of Finland,Tampere,Finland
Indraprastha Institute of Information Technology,Delhi,India
Idiap Research Institute,Martigny,Switzerland
Tsinghua University,Beijing,China
University of Surrey,Guildford,UK
University Lyon2,Bron,France
Queensland University of Technology,Brisbane,Australia
"Human-Computer Interaction, University of California",Santa Cruz,US
ITB Consulting,Bonn,Germany
University of Bremen,Bremen,Germany
Rutgers University,Camden,US
Yildiz Technical University,Istanbul,Turkey
TU Darmstadt,Darmstadt,Germany
MinkHollow Media Ltd.,Cochrane,Canada
The University of Auckland,Auckland City Campus,New Zealand
Spelman College,,
Centrum voor Wiskunde en Informatica,Amsterdam,The Netherlands
Institute of Art & Technology,Vienna,Austria
Hosptial for Sick Children,Toronto,Canada
MIT CSAIL,Cambridge,US
University of North Carolina at Charlotte,Charlotte,U.S.A
University of California San Diego,La Jolla,US
Graduate School of Science and Technology Keio University Japan,Yokohama-shi,Japan
"CUO, Association Leuven",Leuven,Belgium
University of Dundee,Dundee,UK
"School of Computer Science, University of Birmingham",Birmingham,UK
"Research Labs, NTT docomo",Yokosuka,Japan
Vrije Universiteit Brussel,Brussels,Belgium
Pitney Bowes Inc.,Shelton,US
"Google, Inc.",Mountain View,US
Michigan State Univeristy,East Lansing,US
Nokia Research Center,Espoo,Finland
VTT Technical Research Center Finland,Espoo,Finland
K.U.Leuven,Leuven,Belgium
University of Southampton,Southampton,UK
Ss. Cyril and Methodius University,Skopje,"Macedonia, The Former Yugoslav Republic of"
"Graduate School of Library, Information and Media Studies, University of Tsukuba",Tsukuba,Japan
Karolinska Institutet,Stockholm,Sweden
Bell Labs Research India,Bangalore,India
CSIR Meraka Institute,Pretoria,South Africa
IBM,Cambridge,US
The University of Sussex,Brighton,UK
Trinity College Dublin,Dublin,Ireland
The MITRE Corporation,Bedford,US
UC Irvine,Irvine,US
Eindhoven university of Technology,Eindhoven,The Netherlands
Indian Institute of Technology Guwahati,Guwahati,India
IBM Research Lab,New Delhi,India
Tableau Software,Seattle,US
Lappeenranta University of Technology,Lappeenranta,Finland
CMU,Pittsburgh,US
"Birkbeck College, University of London",London,UK
National Taiwan University,Taipei,Taiwan
Grameenphone Ltd,Dhaka,Bangladesh
HP Labs,Palo Alto,US
IBM Research,Cambridge,US
Institute Of Software Chinese Academy Of Sciences,Beijing,China
Beijing Institute of Technology,Beijing,China
University of Hannover,Hannover,Germany
"College of Media, Arts, Science and Technology",Tsukuba,Japan
Interactive Institute,Kista,Sweden
RMIT university,Melbourne,Australia
Indiana-University Purdue University Indianapolis,Indianapolis,US
Nottingham Trent University,Nottingham,UK
Universidad Michoacana,,
Oracle Corporation,Broomfield,US
